<Anims>
 <anim name="idle" root="spear_obsidian" numframes="150" framerate="40">
  <frame idx="0" w="142" h="393" x="21.450996" y="-64.124512">
   <element name="spear01" layername="spea" frame="0" z_index="0" m_a="1.000000" m_b="0.000000" m_c="0.000000" m_d="1.000000" m_tx="-2.549000" m_ty="67.099998"/>
  </frame>
  <frame idx="25" w="142" h="393" x="21.450996" y="-64.124512">
   <element name="spear01" layername="spea" frame="0" z_index="0" m_a="1.000000" m_b="0.000000" m_c="0.000000" m_d="1.000000" m_tx="-2.549000" m_ty="67.099998"/>
  </frame>
  <frame idx="50" w="142" h="393" x="21.450996" y="-64.124512">
   <element name="spear01" layername="spea" frame="0" z_index="0" m_a="1.000000" m_b="0.000000" m_c="0.000000" m_d="1.000000" m_tx="-2.549000" m_ty="67.099998"/>
  </frame>
  <frame idx="75" w="142" h="393" x="21.450996" y="-64.124512">
   <element name="spear01" layername="spea" frame="0" z_index="0" m_a="1.000000" m_b="0.000000" m_c="0.000000" m_d="1.000000" m_tx="-2.549000" m_ty="67.099998"/>
  </frame>
  <frame idx="100" w="142" h="393" x="21.450996" y="-64.124512">
   <element name="spear01" layername="spea" frame="0" z_index="0" m_a="1.000000" m_b="0.000000" m_c="0.000000" m_d="1.000000" m_tx="-2.549000" m_ty="67.099998"/>
  </frame>
  <frame idx="125" w="142" h="393" x="21.450996" y="-64.124512">
   <element name="spear01" layername="spea" frame="0" z_index="0" m_a="1.000000" m_b="0.000000" m_c="0.000000" m_d="1.000000" m_tx="-2.549000" m_ty="67.099998"/>
  </frame>
 </anim>
</Anims>
